{"cameraMode":{"drawMode":0,"name":"Shaded","section":"Shading Mode"},"sceneLighting":true,"audioPlay":false,"sceneViewState":{"m_AlwaysRefresh":false,"showFog":true,"showSkybox":true,"showFlares":true,"showImageEffects":true,"showParticleSystems":true,"showVisualEffectGraphs":true,"m_FxEnabled":true},"in2DMode":false,"pivot":{"x":-5.90422248840332,"y":0.8600001931190491,"z":-2.109999895095825},"rotation":{"x":-0.22753708064556123,"y":-0.02443699911236763,"z":0.0053429449908435349,"w":-0.9739274978637695},"size":5.313473224639893,"orthographic":true}