{"cameraMode":{"drawMode":0,"name":"Shaded","section":"Shading Mode"},"sceneLighting":true,"audioPlay":false,"sceneViewState":{"m_AlwaysRefresh":false,"showFog":true,"showSkybox":true,"showFlares":true,"showImageEffects":true,"showParticleSystems":true,"showVisualEffectGraphs":true,"m_FxEnabled":true},"in2DMode":false,"pivot":{"x":1.5129919052124024,"y":6.319459915161133,"z":16.5660400390625},"rotation":{"x":-0.0022890486288815738,"y":-0.9235708117485046,"z":0.38396936655044558,"w":-0.006007066927850246},"size":16.375995635986329,"orthographic":true}